"Status","Start Time","Stop Time","Duration in ms","Parent Suite","Suite","Sub Suite","Test Class","Test Method","Name","Description"
"passed","Sat Oct 03 22:43:57 UTC 2026","Sat Oct 03 22:43:57 UTC 2026","94","tests","test_transaction","TestTransaction","","","test_should_validate_mandatory_fields_for_transaction",""
"passed","Sat Oct 03 22:43:56 UTC 2026","Sat Oct 03 22:43:56 UTC 2026","386","tests","test_account","TestAccount","","","test_should_not_delete_account_with_transactions",""
"passed","Sat Oct 03 22:43:57 UTC 2026","Sat Oct 03 22:43:57 UTC 2026","236","tests","test_transaction","TestTransaction","","","test_should_not_create_transaction_with_future_date",""
"passed","Sat Oct 03 22:43:56 UTC 2026","Sat Oct 03 22:43:56 UTC 2026","88","tests","test_auth","TestAuth","","","test_should_return_unauthorized_when_accessing_protected_endpoint",""
"passed","Sat Oct 03 22:43:56 UTC 2026","Sat Oct 03 22:43:56 UTC 2026","414","tests","test_account","TestAccount","","","test_should_update_account_successfully",""
"passed","Sat Oct 03 22:43:57 UTC 2026","Sat Oct 03 22:43:57 UTC 2026","319","tests","test_transaction","TestTransaction","","","test_should_delete_transaction_successfully",""
"passed","Sat Oct 03 22:43:55 UTC 2026","Sat Oct 03 22:43:56 UTC 2026","229","tests","test_account","TestAccount","","","test_should_not_create_account_with_duplicate_name",""
"passed","Sat Oct 03 22:43:55 UTC 2026","Sat Oct 03 22:43:55 UTC 2026","99","tests","test_account","TestAccount","","","test_should_create_account_successfully",""
"passed","Sat Oct 03 22:43:56 UTC 2026","Sat Oct 03 22:43:57 UTC 2026","187","tests","test_transaction","TestTransaction","","","test_should_create_income_transaction_successfully",""
